id,f_type,f_id,translation_en,translation_ru,value,answer,speaker_id,sex,age,tukhum
1,grammar,1,big butterfly,большая бабочка,b-etʃ’uχa,Беч1уха одорук1а,1,f,32,Тахучол
3,grammar,2,big butterflies,большие бабочки,j-etʃ’uχol,Йеч1ухол одорук1ол,1,f,32,Тахучол
5,grammar,3,big grasshopper,большой кузнечик,b-etʃ’uχa,Беч1уха гъац1а,1,f,32,Тахучол
7,grammar,4,big grasshoppers,большие кузнечики,j-etʃ’uχol,Йеч1ухол гъац1ол,1,f,32,Тахучол
10,grammar,5,the parents left,родители ушли,wo-ʔon,ила има ВОъон,1,f,32,Тахучол
11,grammar,6,pour your father some water,налей отцу воды,dada-ɬu,т1инно дадаЛЪУ лъен,1,f,32,Тахучол
13,grammar,7,pour your cow some water,налей корове воды,zĩw-ɬu,т1инно зив(у)ЛЪУ лъен,1,f,32,Тахучол
16,grammar,8,third girl,третья девочка,ɬobdeb,лъобдЕБ йоши,1,f,32,Тахучол
18,grammar,9,the bride was beautiful at the wedding,на свадьбе невеста была красивая,ji-ʁi,реххиноъа бах1арай багъу йиГЪи,1,f,32,Тахучол
20,grammar,10,heels,пятка pl,miʒa-lol,мижаЛОЛ,1,f,32,Тахучол
23,grammar,11,sons-in-law,зять pl,nuso-bdul,нусоБДУЛ,1,f,32,Тахучол
24,grammar,12,they are eating,они кушают,wokoma-do,гьегевул вокомаДО,1,f,32,Тахучол
27,grammar,13,"when he comes, we will eat","когда он придет, будем кушать",wuʔo-rbihi,вуъоРБИГЬИ,1,f,32,Тахучол
29,lexical,14,rainbow,радуга,raduɡa,радуга,1,f,32,Тахучол
32,lexical,15,north,север,sewer,север,1,f,32,Тахучол
36,lexical,16,thousand,тысяча,ozruɡu,озругу,1,f,32,Тахучол
39,grammar,1,big butterfly,большая бабочка,b-etʃ’uχa,Беч1уха одорук1а,2,f,68,Сагитилал
41,grammar,2,big butterflies,большие бабочки,j-etʃ’uχol,Йеч1ухол одорук1ол,2,f,68,Сагитилал
43,grammar,3,big grasshopper,большой кузнечик,b-etʃ’uχa,Беч1уха гъац1а,2,f,68,Сагитилал
45,grammar,4,big grasshoppers,большие кузнечики,j-etʃ’uχol,Йеч1ухол гъац1ол,2,f,68,Сагитилал
48,grammar,5,the parents left,родители ушли,wo-ʔon,ила има ВОъон,2,f,68,Сагитилал
49,grammar,6,pour your father some water,налей отцу воды,dada-ɬu,т1инно дадаЛЪУ лъен,2,f,68,Сагитилал
51,grammar,7,pour your cow some water,налей корове воды,zĩw-ɬu,т1инно зив(у)ЛЪУ лъен,2,f,68,Сагитилал
54,grammar,8,third girl,третья девочка,ɬobdeb,лъобдЕБ йоши,2,f,68,Сагитилал
56,grammar,9,the bride was beautiful at the wedding,на свадьбе невеста была красивая,ji-ʁi,реххиноъа бах1арай багъу йиГЪи,2,f,68,Сагитилал
58,grammar,10,heels,пятка pl,miʒa-lol,мижаЛОЛ,2,f,68,Сагитилал
61,grammar,11,sons-in-law,зять pl,nuso-bdul,нусоБДУЛ,2,f,68,Сагитилал
62,grammar,12,they are eating,они кушают,wokoma-dol,гьегевул вокомаДОЛ,2,f,68,Сагитилал
65,grammar,13,"when he comes, we will eat","когда он придет, будем кушать",wuʔo-rbihi,вуъоРБИГЬИ,2,f,68,Сагитилал
68,lexical,14,rainbow,радуга,hortʃ'ːi,сороди гьорч1ч1и йичонний,2,f,68,Сагитилал
71,lexical,15,north,север,sewer,север,2,f,68,Сагитилал
76,lexical,16,thousand,тысяча,oziruɡu,озИругу,2,f,68,Сагитилал
77,grammar,1,big butterfly,большая бабочка,b-etʃ’uχa,Беч1уха одорук1а,3,f,58,"Айчол, Нухилал (ж)"
79,grammar,2,big butterflies,большие бабочки,j-etʃ’uχol,Йеч1ухол одорук1ол,3,f,58,"Айчол, Нухилал (ж)"
81,grammar,3,big grasshopper,большой кузнечик,b-etʃ’uχa,Беч1уха гъац1а,3,f,58,"Айчол, Нухилал (ж)"
83,grammar,4,big grasshoppers,большие кузнечики,j-etʃ’uχol,Йеч1ухол гъац1ол,3,f,58,"Айчол, Нухилал (ж)"
85,grammar,5,the parents left,родители ушли,ru-ʔon,ила има РУъон,3,f,58,"Айчол, Нухилал (ж)"
87,grammar,6,pour your father some water,налей отцу воды,dada-ɬu,т1инно дадаЛЪУ лъен,3,f,58,"Айчол, Нухилал (ж)"
89,grammar,7,pour your cow some water,налей корове воды,zĩw-ɬu,т1инно зив(у)ЛЪУ лъен,3,f,58,"Айчол, Нухилал (ж)"
92,grammar,8,third girl,третья девочка,ɬobdeb,лъобдЕБ йоши,3,f,58,"Айчол, Нухилал (ж)"
94,grammar,9,the bride was beautiful at the wedding,на свадьбе невеста была красивая,ji-ʁi,реххиноъа бах1арай багъу йиГЪи,3,f,58,"Айчол, Нухилал (ж)"
96,grammar,10,heels,пятка pl,miʒa-lol,мижаЛОЛ,3,f,58,"Айчол, Нухилал (ж)"
99,grammar,11,sons-in-law,зять pl,nuso-bdul,нусоБДУЛ,3,f,58,"Айчол, Нухилал (ж)"
100,grammar,12,they are eating,они кушают,wokoma-do,гьегевул вокомаДО,3,f,58,"Айчол, Нухилал (ж)"
104,grammar,13,"when he comes, we will eat","когда он придет, будем кушать",wuʔo-brihi,вуъоБРИГЬИ,3,f,58,"Айчол, Нухилал (ж)"
106,lexical,14,rainbow,радуга,hortʃ'ːi,сороди гьорч1ч1и йичонний,3,f,58,"Айчол, Нухилал (ж)"
109,lexical,15,north,север,sewer,север,3,f,58,"Айчол, Нухилал (ж)"
113,lexical,16,thousand,тысяча,ozuruɡu,озУругу,3,f,58,"Айчол, Нухилал (ж)"
116,grammar,1,big butterfly,большая бабочка,r-etʃ’uχa,Реч1уха одорук1а,4,m,42,NA
117,grammar,2,big butterflies,большие бабочки,j-etʃ’uχol,Йеч1ухол одорук1ол,4,m,42,NA
119,grammar,3,big grasshopper,большой кузнечик,b-etʃ’uχa,Беч1уха гъац1а,4,m,42,NA
121,grammar,4,big grasshoppers,большие кузнечики,j-etʃ’uχol,Йеч1ухол гъац1ол,4,m,42,NA
123,grammar,5,the parents left,родители ушли,ru-ʔon,ила има РУъон,4,m,42,NA
125,grammar,6,pour your father some water,налей отцу воды,dada-ɬu,т1инно дадаЛЪУ лъен,4,m,42,NA
127,grammar,7,pour your cow some water,налей корове воды,zĩw-ɬu,т1инно зив(у)ЛЪУ лъен,4,m,42,NA
130,grammar,8,third girl,третья девочка,ɬobdeb,лъобдЕБ йоши,4,m,42,NA
132,grammar,9,the bride was beautiful at the wedding,на свадьбе невеста была красивая,ji-ʁi,реххиноъа бах1арай багъу йиГЪи,4,m,42,NA
134,grammar,10,heels,пятка pl,miʒa-lol,мижаЛОЛ,4,m,42,NA
137,grammar,11,sons-in-law,зять pl,nuso-bdul,нусоБДУЛ,4,m,42,NA
138,grammar,12,they are eating,они кушают,wokoma-do,гьегевул вокомаДО,4,m,42,NA
140,grammar,13,"when he comes, we will eat","когда он придет, будем кушать",wuʔo-rbi,вуъоРБИ,4,m,42,NA
145,lexical,14,rainbow,радуга,joʃikʷa,сороди йошиква йичонний,4,m,42,NA
147,lexical,15,north,север,sibir,сибир,4,m,42,NA
152,lexical,16,thousand,тысяча,ozuruɡu,озУругу,4,m,42,NA
154,grammar,1,big butterfly,большая бабочка,b-etʃ’uχa,Беч1уха одорук1а,5,f,68,Гъапурилалуб
156,grammar,2,big butterflies,большие бабочки,j-etʃ’uχol,Йеч1ухол одорук1ол,5,f,68,Гъапурилалуб
158,grammar,3,big grasshopper,большой кузнечик,b-etʃ’uχa,Беч1уха гъац1а,5,f,68,Гъапурилалуб
160,grammar,4,big grasshoppers,большие кузнечики,j-etʃ’uχol,Йеч1ухол гъац1ол,5,f,68,Гъапурилалуб
162,grammar,5,the parents left,родители ушли,ru-ʔon,ила има РУъон,5,f,68,Гъапурилалуб
164,grammar,6,pour your father some water,налей отцу воды,dada-ɬu,т1инно дадаЛЪУ лъен,5,f,68,Гъапурилалуб
166,grammar,7,pour your cow some water,налей корове воды,zĩw-ɬu,т1инно зив(у)ЛЪУ лъен,5,f,68,Гъапурилалуб
169,grammar,8,third girl,третья девочка,ɬobdeb,лъобдЕБ йоши,5,f,68,Гъапурилалуб
171,grammar,9,the bride was beautiful at the wedding,на свадьбе невеста была красивая,ji-ʁi,реххиноъа бах1арай багъу йиГЪи,5,f,68,Гъапурилалуб
173,grammar,10,heels,пятка pl,miʒa-lol,мижаЛОЛ,5,f,68,Гъапурилалуб
176,grammar,11,sons-in-law,зять pl,nuso-bdul,нусоБДУЛ,5,f,68,Гъапурилалуб
177,grammar,12,they are eating,они кушают,wokoma-do,гьегевул вокомаДО,5,f,68,Гъапурилалуб
180,grammar,13,"when he comes, we will eat","когда он придет, будем кушать",wuʔo-rbildi,вуъоРБИЛДИ,5,f,68,Гъапурилалуб
183,lexical,14,rainbow,радуга,raduɡa,радуга,5,f,68,Гъапурилалуб
188,lexical,15,north,север,sewer,север,5,f,68,Гъапурилалуб
192,lexical,16,thousand,тысяча,ozuruɡu,озУругу,5,f,68,Гъапурилалуб
195,grammar,1,big butterfly,большая бабочка,r-etʃ’uχa,Реч1уха одорук1а,6,m,59,"Балталал, Хасик1олал"
196,grammar,2,big butterflies,большие бабочки,j-etʃ’uχol,Йеч1ухол одорук1ол,6,m,59,"Балталал, Хасик1олал"
198,grammar,3,big grasshopper,большой кузнечик,b-etʃ’uχa,Беч1уха гъац1а,6,m,59,"Балталал, Хасик1олал"
200,grammar,4,big grasshoppers,большие кузнечики,j-etʃ’uχol,Йеч1ухол гъац1ол,6,m,59,"Балталал, Хасик1олал"
202,grammar,5,the parents left,родители ушли,ru-ʔon,ила има РУъон,6,m,59,"Балталал, Хасик1олал"
205,grammar,6,pour your father some water,налей отцу воды,dada-j,т1инно дадаЙ лъен,6,m,59,"Балталал, Хасик1олал"
206,grammar,7,pour your cow some water,налей корове воды,zĩw-ɬu,т1инно зив(у)ЛЪУ лъен,6,m,59,"Балталал, Хасик1олал"
209,grammar,8,third girl,третья девочка,ɬobdeb,лъобдЕБ йоши,6,m,59,"Балталал, Хасик1олал"
210,grammar,9,the bride was beautiful at the wedding,на свадьбе невеста была красивая,ji-k’o,реххиноъа бах1арай багъу йиК1о,6,m,59,"Балталал, Хасик1олал"
213,grammar,10,heels,пятка pl,miʒa-lol,мижаЛОЛ,6,m,59,"Балталал, Хасик1олал"
216,grammar,11,sons-in-law,зять pl,nuso-bdul,нусоБДУЛ,6,m,59,"Балталал, Хасик1олал"
217,grammar,12,they are eating,они кушают,wokoma-do,гьегевул вокомаДО,6,m,59,"Балталал, Хасик1олал"
220,grammar,13,"when he comes, we will eat","когда он придет, будем кушать",wuʔo-rbildi,вуъоРБИЛДИ,6,m,59,"Балталал, Хасик1олал"
224,lexical,14,rainbow,радуга,hortʃ'ːi,сороди гьорч1ч1и йичонний,6,m,59,"Балталал, Хасик1олал"
227,lexical,15,north,север,sibir,сибир,6,m,59,"Балталал, Хасик1олал"
233,lexical,16,thousand,тысяча,oziruɡu,озИругу,6,m,59,"Балталал, Хасик1олал"
234,grammar,1,big butterfly,большая бабочка,b-etʃ’uχa,Беч1уха одорук1а,7,f,53,Х1анапилалуб тухум
236,grammar,2,big butterflies,большие бабочки,j-etʃ’uχol,Йеч1ухол одорук1ол,7,f,53,Х1анапилалуб тухум
238,grammar,3,big grasshopper,большой кузнечик,b-etʃ’uχa,Беч1уха гъац1а,7,f,53,Х1анапилалуб тухум
240,grammar,4,big grasshoppers,большие кузнечики,j-etʃ’uχol,Йеч1ухол гъац1ол,7,f,53,Х1анапилалуб тухум
242,grammar,5,the parents left,родители ушли,ru-ʔon,ила има РУъон,7,f,53,Х1анапилалуб тухум
244,grammar,6,pour your father some water,налей отцу воды,dada-ɬu,т1инно дадаЛЪУ лъен,7,f,53,Х1анапилалуб тухум
246,grammar,7,pour your cow some water,налей корове воды,zĩw-ɬu,т1инно зив(у)ЛЪУ лъен,7,f,53,Х1анапилалуб тухум
249,grammar,8,third girl,третья девочка,ɬobdeb,лъобдЕБ йоши,7,f,53,Х1анапилалуб тухум
251,grammar,9,the bride was beautiful at the wedding,на свадьбе невеста была красивая,ji-ʁi,реххиноъа бах1арай багъу йиГЪи,7,f,53,Х1анапилалуб тухум
253,grammar,10,heels,пятка pl,miʒa-lol,мижаЛОЛ,7,f,53,Х1анапилалуб тухум
256,grammar,11,sons-in-law,зять pl,nuso-bdul,нусоБДУЛ,7,f,53,Х1анапилалуб тухум
257,grammar,12,they are eating,они кушают,wokoma-do,гьегевул вокомаДО,7,f,53,Х1анапилалуб тухум
259,grammar,13,"when he comes, we will eat","когда он придет, будем кушать",wuʔo-rbi,вуъоРБИ,7,f,53,Х1анапилалуб тухум
264,lexical,14,rainbow,радуга,hortʃ'ːi,сороди гьорч1ч1и йичонний,7,f,53,Х1анапилалуб тухум
268,lexical,15,north,север,sewer,север,7,f,53,Х1анапилалуб тухум
272,lexical,16,thousand,тысяча,ozuruɡu,озУругу,7,f,53,Х1анапилалуб тухум
274,grammar,1,big butterfly,большая бабочка,b-etʃ’uχa,Беч1уха одорук1а,8,m,65,"Куналал, Суйгемадаб тухум"
276,grammar,2,big butterflies,большие бабочки,j-etʃ’uχol,Йеч1ухол одорук1ол,8,m,65,"Куналал, Суйгемадаб тухум"
278,grammar,3,big grasshopper,большой кузнечик,b-etʃ’uχa,Беч1уха гъац1а,8,m,65,"Куналал, Суйгемадаб тухум"
280,grammar,4,big grasshoppers,большие кузнечики,j-etʃ’uχol,Йеч1ухол гъац1ол,8,m,65,"Куналал, Суйгемадаб тухум"
282,grammar,5,the parents left,родители ушли,ru-ʔon,ила има РУъон,8,m,65,"Куналал, Суйгемадаб тухум"
284,grammar,6,pour your father some water,налей отцу воды,dada-ɬu,т1инно дадаЛЪУ лъен,8,m,65,"Куналал, Суйгемадаб тухум"
286,grammar,7,pour your cow some water,налей корове воды,zĩw-ɬu,т1инно зив(у)ЛЪУ лъен,8,m,65,"Куналал, Суйгемадаб тухум"
289,grammar,8,third girl,третья девочка,ɬobdeb,лъобдЕБ йоши,8,m,65,"Куналал, Суйгемадаб тухум"
291,grammar,9,the bride was beautiful at the wedding,на свадьбе невеста была красивая,ji-ʁi,реххиноъа бах1арай багъу йиГЪи,8,m,65,"Куналал, Суйгемадаб тухум"
293,grammar,10,heels,пятка pl,miʒa-lol,мижаЛОЛ,8,m,65,"Куналал, Суйгемадаб тухум"
296,grammar,11,sons-in-law,зять pl,nuso-bdul,нусоБДУЛ,8,m,65,"Куналал, Суйгемадаб тухум"
298,grammar,12,they are eating,они кушают,wokoma-lo,гьегевул вокомаЛО,8,m,65,"Куналал, Суйгемадаб тухум"
300,grammar,13,"when he comes, we will eat","когда он придет, будем кушать",wuʔo-rbildi,вуъоРБИЛДИ,8,m,65,"Куналал, Суйгемадаб тухум"
304,lexical,14,rainbow,радуга,hortʃ'ːi,сороди гьорч1ч1и йичонний,8,m,65,"Куналал, Суйгемадаб тухум"
307,lexical,15,north,север,sibir,сибир,8,m,65,"Куналал, Суйгемадаб тухум"
312,lexical,16,thousand,тысяча,ozuruɡu,озУругу,8,m,65,"Куналал, Суйгемадаб тухум"
314,grammar,1,big butterfly,большая бабочка,b-etʃ’uχa,Беч1уха одорук1а,9,m,73,"Гьекьилавлал, Къабакол"
316,grammar,2,big butterflies,большие бабочки,j-etʃ’uχol,Йеч1ухол одорук1ол,9,m,73,"Гьекьилавлал, Къабакол"
318,grammar,3,big grasshopper,большой кузнечик,b-etʃ’uχa,Беч1уха гъац1а,9,m,73,"Гьекьилавлал, Къабакол"
320,grammar,4,big grasshoppers,большие кузнечики,j-etʃ’uχol,Йеч1ухол гъац1ол,9,m,73,"Гьекьилавлал, Къабакол"
322,grammar,5,the parents left,родители ушли,ru-ʔon,ила има РУъон,9,m,73,"Гьекьилавлал, Къабакол"
325,grammar,6,pour your father some water,налей отцу воды,dada-j,т1инно дадаЙ лъен,9,m,73,"Гьекьилавлал, Къабакол"
326,grammar,7,pour your cow some water,налей корове воды,zĩw-ɬu,т1инно зив(у)ЛЪУ лъен,9,m,73,"Гьекьилавлал, Къабакол"
329,grammar,8,third girl,третья девочка,ɬobdeb,лъобдЕБ йоши,9,m,73,"Гьекьилавлал, Къабакол"
331,grammar,9,the bride was beautiful at the wedding,на свадьбе невеста была красивая,ji-ʁi,реххиноъа бах1арай багъу йиГЪи,9,m,73,"Гьекьилавлал, Къабакол"
333,grammar,10,heels,пятка pl,miʒa-lol,мижаЛОЛ,9,m,73,"Гьекьилавлал, Къабакол"
336,grammar,11,sons-in-law,зять pl,nuso-bdul,нусоБДУЛ,9,m,73,"Гьекьилавлал, Къабакол"
337,grammar,12,they are eating,они кушают,wokoma-do,гьегевул вокомаДО,9,m,73,"Гьекьилавлал, Къабакол"
339,grammar,13,"when he comes, we will eat","когда он придет, будем кушать",wuʔo-rbi,вуъоРБИ,9,m,73,"Гьекьилавлал, Къабакол"
345,lexical,14,rainbow,радуга,joʃikʷa,сороди йошиква йичонний,9,m,73,"Гьекьилавлал, Къабакол"
348,lexical,15,north,север,sewer,север,9,m,73,"Гьекьилавлал, Къабакол"
353,lexical,16,thousand,тысяча,oziruɡu,озИругу,9,m,73,"Гьекьилавлал, Къабакол"
354,grammar,1,big butterfly,большая бабочка,b-etʃ’uχa,Беч1уха одорук1а,10,f,36,Тирмач
356,grammar,2,big butterflies,большие бабочки,j-etʃ’uχol,Йеч1ухол одорук1ол,10,f,36,Тирмач
358,grammar,3,big grasshopper,большой кузнечик,b-etʃ’uχa,Беч1уха гъац1а,10,f,36,Тирмач
360,grammar,4,big grasshoppers,большие кузнечики,j-etʃ’uχol,Йеч1ухол гъац1ол,10,f,36,Тирмач
362,grammar,5,the parents left,родители ушли,ru-ʔon,ила има РУъон,10,f,36,Тирмач
364,grammar,6,pour your father some water,налей отцу воды,dada-ɬu,т1инно дадаЛЪУ лъен,10,f,36,Тирмач
366,grammar,7,pour your cow some water,налей корове воды,zĩw-ɬu,т1инно зив(у)ЛЪУ лъен,10,f,36,Тирмач
369,grammar,8,third girl,третья девочка,ɬobdeb,лъобдЕБ йоши,10,f,36,Тирмач
371,grammar,9,the bride was beautiful at the wedding,на свадьбе невеста была красивая,ji-ʁi,реххиноъа бах1арай багъу йиГЪи,10,f,36,Тирмач
373,grammar,10,heels,пятка pl,miʒa-lol,мижаЛОЛ,10,f,36,Тирмач
376,grammar,11,sons-in-law,зять pl,nuso-bdul,нусоБДУЛ,10,f,36,Тирмач
378,grammar,12,they are eating,они кушают,wokoma-lo,гьегевул вокомаЛО,10,f,36,Тирмач
381,grammar,13,"when he comes, we will eat","когда он придет, будем кушать",wuʔo-rbihi,вуъоРБИГЬИ,10,f,36,Тирмач
385,lexical,14,rainbow,радуга,joʃikʷa,сороди йошиква йичонний,10,f,36,Тирмач
388,lexical,15,north,север,sewer,север,10,f,36,Тирмач
392,lexical,16,thousand,тысяча,ozuruɡu,озУругу,10,f,36,Тирмач
395,grammar,1,big butterfly,большая бабочка,r-etʃ’uχa,Реч1уха одорук1а,11,m,30,"Гьаджилал, Ордашилал"
397,grammar,2,big butterflies,большие бабочки,r-etʃ’uχol,Реч1ухол одорук1ол,11,m,30,"Гьаджилал, Ордашилал"
398,grammar,3,big grasshopper,большой кузнечик,b-etʃ’uχa,Беч1уха гъац1а,11,m,30,"Гьаджилал, Ордашилал"
400,grammar,4,big grasshoppers,большие кузнечики,j-etʃ’uχol,Йеч1ухол гъац1ол,11,m,30,"Гьаджилал, Ордашилал"
403,grammar,5,the parents left,родители ушли,wo-ʔon,ила има ВОъон,11,m,30,"Гьаджилал, Ордашилал"
404,grammar,6,pour your father some water,налей отцу воды,dada-ɬu,т1инно дадаЛЪУ лъен,11,m,30,"Гьаджилал, Ордашилал"
406,grammar,7,pour your cow some water,налей корове воды,zĩw-ɬu,т1инно зив(у)ЛЪУ лъен,11,m,30,"Гьаджилал, Ордашилал"
409,grammar,8,third girl,третья девочка,ɬobdeb,лъобдЕБ йоши,11,m,30,"Гьаджилал, Ордашилал"
411,grammar,9,the bride was beautiful at the wedding,на свадьбе невеста была красивая,ji-ʁi,реххиноъа бах1арай багъу йиГЪи,11,m,30,"Гьаджилал, Ордашилал"
413,grammar,10,heels,пятка pl,miʒa-lol,мижаЛОЛ,11,m,30,"Гьаджилал, Ордашилал"
416,grammar,11,sons-in-law,зять pl,nuso-bdul,нусоБДУЛ,11,m,30,"Гьаджилал, Ордашилал"
417,grammar,12,they are eating,они кушают,wokoma-do,гьегевул вокомаДО,11,m,30,"Гьаджилал, Ордашилал"
421,grammar,13,"when he comes, we will eat","когда он придет, будем кушать",wuʔo-rbihi,вуъоРБИГЬИ,11,m,30,"Гьаджилал, Ордашилал"
425,lexical,14,rainbow,радуга,joʃikʷa,сороди йошиква йичонний,11,m,30,"Гьаджилал, Ордашилал"
428,lexical,15,north,север,sewer,север,11,m,30,"Гьаджилал, Ордашилал"
433,lexical,16,thousand,тысяча,oziruɡu,озИругу,11,m,30,"Гьаджилал, Ордашилал"
434,grammar,1,big butterfly,большая бабочка,b-etʃ’uχa,Беч1уха одорук1а,12,m,33,Сут1а
436,grammar,2,big butterflies,большие бабочки,j-etʃ’uχol,Йеч1ухол одорук1ол,12,m,33,Сут1а
438,grammar,3,big grasshopper,большой кузнечик,b-etʃ’uχa,Беч1уха гъац1а,12,m,33,Сут1а
440,grammar,4,big grasshoppers,большие кузнечики,j-etʃ’uχol,Йеч1ухол гъац1ол,12,m,33,Сут1а
442,grammar,5,the parents left,родители ушли,ru-ʔon,ила има РУъон,12,m,33,Сут1а
444,grammar,6,pour your father some water,налей отцу воды,dada-ɬu,т1инно дадаЛЪУ лъен,12,m,33,Сут1а
446,grammar,7,pour your cow some water,налей корове воды,zĩw-ɬu,т1инно зив(у)ЛЪУ лъен,12,m,33,Сут1а
449,grammar,8,third girl,третья девочка,ɬobdeb,лъобдЕБ йоши,12,m,33,Сут1а
451,grammar,9,the bride was beautiful at the wedding,на свадьбе невеста была красивая,ji-ʁi,реххиноъа бах1арай багъу йиГЪи,12,m,33,Сут1а
453,grammar,10,heels,пятка pl,miʒa-lol,мижаЛОЛ,12,m,33,Сут1а
456,grammar,11,sons-in-law,зять pl,nuso-bdul,нусоБДУЛ,12,m,33,Сут1а
457,grammar,12,they are eating,они кушают,wokoma-do,гьегевул вокомаДО,12,m,33,Сут1а
459,grammar,13,"when he comes, we will eat","когда он придет, будем кушать",wuʔo-rbi,вуъоРБИ,12,m,33,Сут1а
463,lexical,14,rainbow,радуга,raduɡa,радуга,12,m,33,Сут1а
468,lexical,15,north,север,sewer,север,12,m,33,Сут1а
472,lexical,16,thousand,тысяча,ozuruɡu,озУругу,12,m,33,Сут1а
475,grammar,1,big butterfly,большая бабочка,r-etʃ’uχa,Реч1уха одорук1а,13,f,50,Гъойтилал
476,grammar,2,big butterflies,большие бабочки,j-etʃ’uχol,Йеч1ухол одорук1ол,13,f,50,Гъойтилал
478,grammar,3,big grasshopper,большой кузнечик,b-etʃ’uχa,Беч1уха гъац1а,13,f,50,Гъойтилал
480,grammar,4,big grasshoppers,большие кузнечики,j-etʃ’uχol,Йеч1ухол гъац1ол,13,f,50,Гъойтилал
482,grammar,5,the parents left,родители ушли,ru-ʔon,ила има РУъон,13,f,50,Гъойтилал
484,grammar,6,pour your father some water,налей отцу воды,dada-ɬu,т1инно дадаЛЪУ лъен,13,f,50,Гъойтилал
486,grammar,7,pour your cow some water,налей корове воды,zĩw-ɬu,т1инно зив(у)ЛЪУ лъен,13,f,50,Гъойтилал
489,grammar,8,third girl,третья девочка,ɬobdeb,лъобдЕБ йоши,13,f,50,Гъойтилал
491,grammar,9,the bride was beautiful at the wedding,на свадьбе невеста была красивая,ji-ʁi,реххиноъа бах1арай багъу йиГЪи,13,f,50,Гъойтилал
493,grammar,10,heels,пятка pl,miʒa-lol,мижаЛОЛ,13,f,50,Гъойтилал
496,grammar,11,sons-in-law,зять pl,nuso-bdul,нусоБДУЛ,13,f,50,Гъойтилал
497,grammar,12,they are eating,они кушают,wokoma-do,гьегевул вокомаДО,13,f,50,Гъойтилал
499,grammar,13,"when he comes, we will eat","когда он придет, будем кушать",wuʔo-rbi,вуъоРБИ,13,f,50,Гъойтилал
505,lexical,14,rainbow,радуга,joʃikʷa,сороди йошиква йичонний,13,f,50,Гъойтилал
508,lexical,15,north,север,sewer,север,13,f,50,Гъойтилал
512,lexical,16,thousand,тысяча,ozuruɡu,озУругу,13,f,50,Гъойтилал
514,grammar,1,big butterfly,большая бабочка,b-etʃ’uχa,Беч1уха одорук1а,14,f,24,Мазалал
516,grammar,2,big butterflies,большие бабочки,j-etʃ’uχol,Йеч1ухол одорук1ол,14,f,24,Мазалал
518,grammar,3,big grasshopper,большой кузнечик,b-etʃ’uχa,Беч1уха гъац1а,14,f,24,Мазалал
520,grammar,4,big grasshoppers,большие кузнечики,j-etʃ’uχol,Йеч1ухол гъац1ол,14,f,24,Мазалал
522,grammar,5,the parents left,родители ушли,ru-ʔon,ила има РУъон,14,f,24,Мазалал
524,grammar,6,pour your father some water,налей отцу воды,dada-ɬu,т1инно дадаЛЪУ лъен,14,f,24,Мазалал
526,grammar,7,pour your cow some water,налей корове воды,zĩw-ɬu,т1инно зив(у)ЛЪУ лъен,14,f,24,Мазалал
529,grammar,8,third girl,третья девочка,ɬobdeb,лъобдЕБ йоши,14,f,24,Мазалал
531,grammar,9,the bride was beautiful at the wedding,на свадьбе невеста была красивая,ji-ʁi,реххиноъа бах1арай багъу йиГЪи,14,f,24,Мазалал
533,grammar,10,heels,пятка pl,miʒa-lol,мижаЛОЛ,14,f,24,Мазалал
536,grammar,11,sons-in-law,зять pl,nuso-bdul,нусоБДУЛ,14,f,24,Мазалал
537,grammar,12,they are eating,они кушают,wokoma-do,гьегевул вокомаДО,14,f,24,Мазалал
539,grammar,13,"when he comes, we will eat","когда он придет, будем кушать",wuʔo-rbi,вуъоРБИ,14,f,24,Мазалал
543,lexical,14,rainbow,радуга,raduɡa,радуга,14,f,24,Мазалал
548,lexical,15,north,север,sewer,север,14,f,24,Мазалал
552,lexical,16,thousand,тысяча,ozuruɡu,озУругу,14,f,24,Мазалал
554,grammar,1,big butterfly,большая бабочка,b-etʃ’uχa,Беч1уха одорук1а,15,f,57,Хасик1олал
556,grammar,2,big butterflies,большие бабочки,j-etʃ’uχol,Йеч1ухол одорук1ол,15,f,57,Хасик1олал
558,grammar,3,big grasshopper,большой кузнечик,b-etʃ’uχa,Беч1уха гъац1а,15,f,57,Хасик1олал
560,grammar,4,big grasshoppers,большие кузнечики,j-etʃ’uχol,Йеч1ухол гъац1ол,15,f,57,Хасик1олал
563,grammar,5,the parents left,родители ушли,wo-ʔon,ила има ВОъон,15,f,57,Хасик1олал
564,grammar,6,pour your father some water,налей отцу воды,dada-ɬu,т1инно дадаЛЪУ лъен,15,f,57,Хасик1олал
566,grammar,7,pour your cow some water,налей корове воды,zĩw-ɬu,т1инно зив(у)ЛЪУ лъен,15,f,57,Хасик1олал
569,grammar,8,third girl,третья девочка,ɬobdeb,лъобдЕБ йоши,15,f,57,Хасик1олал
571,grammar,9,the bride was beautiful at the wedding,на свадьбе невеста была красивая,ji-ʁi,реххиноъа бах1арай багъу йиГЪи,15,f,57,Хасик1олал
573,grammar,10,heels,пятка pl,miʒa-lol,мижаЛОЛ,15,f,57,Хасик1олал
576,grammar,11,sons-in-law,зять pl,nuso-bdul,нусоБДУЛ,15,f,57,Хасик1олал
577,grammar,12,they are eating,они кушают,wokoma-do,гьегевул вокомаДО,15,f,57,Хасик1олал
580,grammar,13,"when he comes, we will eat","когда он придет, будем кушать",wuʔo-rbildi,вуъоРБИЛДИ,15,f,57,Хасик1олал
583,lexical,14,rainbow,радуга,raduɡa,радуга,15,f,57,Хасик1олал
588,lexical,15,north,север,sewer,север,15,f,57,Хасик1олал
593,lexical,16,thousand,тысяча,oziruɡu,озИругу,15,f,57,Хасик1олал
594,grammar,1,big butterfly,большая бабочка,b-etʃ’uχa,Беч1уха одорук1а,16,f,16,Ордащилал
596,grammar,2,big butterflies,большие бабочки,j-etʃ’uχol,Йеч1ухол одорук1ол,16,f,16,Ордащилал
598,grammar,3,big grasshopper,большой кузнечик,b-etʃ’uχa,Беч1уха гъац1а,16,f,16,Ордащилал
600,grammar,4,big grasshoppers,большие кузнечики,j-etʃ’uχol,Йеч1ухол гъац1ол,16,f,16,Ордащилал
602,grammar,5,the parents left,родители ушли,ru-ʔon,ила има РУъон,16,f,16,Ордащилал
604,grammar,6,pour your father some water,налей отцу воды,dada-ɬu,т1инно дадаЛЪУ лъен,16,f,16,Ордащилал
606,grammar,7,pour your cow some water,налей корове воды,zĩw-ɬu,т1инно зив(у)ЛЪУ лъен,16,f,16,Ордащилал
609,grammar,8,third girl,третья девочка,ɬobdeb,лъобдЕБ йоши,16,f,16,Ордащилал
611,grammar,9,the bride was beautiful at the wedding,на свадьбе невеста была красивая,ji-ʁi,реххиноъа бах1арай багъу йиГЪи,16,f,16,Ордащилал
613,grammar,10,heels,пятка pl,miʒa-lol,мижаЛОЛ,16,f,16,Ордащилал
616,grammar,11,sons-in-law,зять pl,nuso-bdul,нусоБДУЛ,16,f,16,Ордащилал
617,grammar,12,they are eating,они кушают,wokoma-do,гьегевул вокомаДО,16,f,16,Ордащилал
620,grammar,13,"when he comes, we will eat","когда он придет, будем кушать",wuʔo-rbildi,вуъоРБИЛДИ,16,f,16,Ордащилал
625,lexical,14,rainbow,радуга,joʃikʷa,сороди йошиква йичонний,16,f,16,Ордащилал
628,lexical,15,north,север,sewer,север,16,f,16,Ордащилал
633,lexical,16,thousand,тысяча,oziruɡu,озИругу,16,f,16,Ордащилал
634,grammar,1,big butterfly,большая бабочка,b-etʃ’uχa,Беч1уха одорук1а,17,f,56,Ордащилал
636,grammar,2,big butterflies,большие бабочки,j-etʃ’uχol,Йеч1ухол одорук1ол,17,f,56,Ордащилал
638,grammar,3,big grasshopper,большой кузнечик,b-etʃ’uχa,Беч1уха гъац1а,17,f,56,Ордащилал
640,grammar,4,big grasshoppers,большие кузнечики,j-etʃ’uχol,Йеч1ухол гъац1ол,17,f,56,Ордащилал
642,grammar,5,the parents left,родители ушли,ru-ʔon,ила има РУъон,17,f,56,Ордащилал
644,grammar,6,pour your father some water,налей отцу воды,dada-ɬu,т1инно дадаЛЪУ лъен,17,f,56,Ордащилал
646,grammar,7,pour your cow some water,налей корове воды,zĩw-ɬu,т1инно зив(у)ЛЪУ лъен,17,f,56,Ордащилал
649,grammar,8,third girl,третья девочка,ɬobdeb,лъобдЕБ йоши,17,f,56,Ордащилал
651,grammar,9,the bride was beautiful at the wedding,на свадьбе невеста была красивая,ji-ʁi,реххиноъа бах1арай багъу йиГЪи,17,f,56,Ордащилал
653,grammar,10,heels,пятка pl,miʒa-lol,мижаЛОЛ,17,f,56,Ордащилал
656,grammar,11,sons-in-law,зять pl,nuso-bdul,нусоБДУЛ,17,f,56,Ордащилал
657,grammar,12,they are eating,они кушают,wokoma-dol,гьегевул вокомаДОЛ,17,f,56,Ордащилал
660,grammar,13,"when he comes, we will eat","когда он придет, будем кушать",wuʔo-rbi,вуъоРБИ,17,f,56,Ордащилал
665,lexical,14,rainbow,радуга,hortʃ'ːi,сороди гьорч1ч1и йичонний,17,f,56,Ордащилал
669,lexical,15,north,север,sewer,север,17,f,56,Ордащилал
674,lexical,16,thousand,тысяча,oziruɡu,озИругу,17,f,56,Ордащилал
675,grammar,1,big butterfly,большая бабочка,b-etʃ’uχa,Беч1уха одорук1а,18,f,25,Гъазбегол
677,grammar,2,big butterflies,большие бабочки,j-etʃ’uχol,Йеч1ухол одорук1ол,18,f,25,Гъазбегол
679,grammar,3,big grasshopper,большой кузнечик,b-etʃ’uχa,Беч1уха гъац1а,18,f,25,Гъазбегол
681,grammar,4,big grasshoppers,большие кузнечики,j-etʃ’uχol,Йеч1ухол гъац1ол,18,f,25,Гъазбегол
684,grammar,5,the parents left,родители ушли,wo-ʔon,ила има ВОъон,18,f,25,Гъазбегол
687,grammar,7,pour your cow some water,налей корове воды,zĩw-ɬu,т1инно зив(у)ЛЪУ лъен,18,f,25,Гъазбегол
690,grammar,8,third girl,третья девочка,ɬobdeb,лъобдЕБ йоши,18,f,25,Гъазбегол
692,grammar,9,the bride was beautiful at the wedding,на свадьбе невеста была красивая,ji-ʁi,реххиноъа бах1арай багъу йиГЪи,18,f,25,Гъазбегол
694,grammar,10,heels,пятка pl,miʒa-lol,мижаЛОЛ,18,f,25,Гъазбегол
697,grammar,11,sons-in-law,зять pl,nuso-bdul,нусоБДУЛ,18,f,25,Гъазбегол
698,grammar,12,they are eating,они кушают,wokoma-do,гьегевул вокомаДО,18,f,25,Гъазбегол
702,grammar,13,"when he comes, we will eat","когда он придет, будем кушать",wuʔo-rbihi,вуъоРБИГЬИ,18,f,25,Гъазбегол
706,lexical,14,rainbow,радуга,joʃikʷa,сороди йошиква йичонний,18,f,25,Гъазбегол
709,lexical,15,north,север,sewer,север,18,f,25,Гъазбегол
713,lexical,16,thousand,тысяча,ozuruɡu,озУругу,18,f,25,Гъазбегол
715,grammar,1,big butterfly,большая бабочка,b-etʃ’uχa,Беч1уха одорук1а,19,m,73,Мизулал
717,grammar,2,big butterflies,большие бабочки,j-etʃ’uχol,Йеч1ухол одорук1ол,19,m,73,Мизулал
719,grammar,3,big grasshopper,большой кузнечик,b-etʃ’uχa,Беч1уха гъац1а,19,m,73,Мизулал
721,grammar,4,big grasshoppers,большие кузнечики,j-etʃ’uχol,Йеч1ухол гъац1ол,19,m,73,Мизулал
724,grammar,5,the parents left,родители ушли,wo-ʔon,ила има ВОъон,19,m,73,Мизулал
726,grammar,6,pour your father some water,налей отцу воды,dada-j,т1инно дадаЙ лъен,19,m,73,Мизулал
727,grammar,7,pour your cow some water,налей корове воды,zĩw-ɬu,т1инно зив(у)ЛЪУ лъен,19,m,73,Мизулал
730,grammar,8,third girl,третья девочка,ɬobdeb,лъобдЕБ йоши,19,m,73,Мизулал
732,grammar,9,the bride was beautiful at the wedding,на свадьбе невеста была красивая,ji-ʁi,реххиноъа бах1арай багъу йиГЪи,19,m,73,Мизулал
734,grammar,10,heels,пятка pl,miʒa-bil,мижоБИЛ,19,m,73,Мизулал
738,grammar,11,sons-in-law,зять pl,nuso-bdul,нусоБДУЛ,19,m,73,Мизулал
740,grammar,12,they are eating,они кушают,wokoma-lo,гьегевул вокомаЛО,19,m,73,Мизулал
743,grammar,13,"when he comes, we will eat","когда он придет, будем кушать",wuʔo-rbihi,вуъоРБИГЬИ,19,m,73,Мизулал
746,lexical,14,rainbow,радуга,hortʃ'ːi,сороди гьорч1ч1и йичонний,19,m,73,Мизулал
750,lexical,15,north,север,sewer,север,19,m,73,Мизулал
754,lexical,16,thousand,тысяча,ozuruɡu,озУругу,19,m,73,Мизулал
756,grammar,1,big butterfly,большая бабочка,b-etʃ’uχa,Беч1уха одорук1а,20,f,43,"Сарайлал, Юсупилал"
758,grammar,2,big butterflies,большие бабочки,j-etʃ’uχol,Йеч1ухол одорук1ол,20,f,43,"Сарайлал, Юсупилал"
760,grammar,3,big grasshopper,большой кузнечик,b-etʃ’uχa,Беч1уха гъац1а,20,f,43,"Сарайлал, Юсупилал"
762,grammar,4,big grasshoppers,большие кузнечики,j-etʃ’uχol,Йеч1ухол гъац1ол,20,f,43,"Сарайлал, Юсупилал"
764,grammar,5,the parents left,родители ушли,ru-ʔon,ила има РУъон,20,f,43,"Сарайлал, Юсупилал"
766,grammar,6,pour your father some water,налей отцу воды,dada-ɬu,т1инно дадаЛЪУ лъен,20,f,43,"Сарайлал, Юсупилал"
768,grammar,7,pour your cow some water,налей корове воды,zĩw-ɬu,т1инно зив(у)ЛЪУ лъен,20,f,43,"Сарайлал, Юсупилал"
771,grammar,8,third girl,третья девочка,ɬobdeb,лъобдЕБ йоши,20,f,43,"Сарайлал, Юсупилал"
773,grammar,9,the bride was beautiful at the wedding,на свадьбе невеста была красивая,ji-ʁi,реххиноъа бах1арай багъу йиГЪи,20,f,43,"Сарайлал, Юсупилал"
776,grammar,10,heels,пятка pl,miʒa-lol,мижаЛОЛ,20,f,43,"Сарайлал, Юсупилал"
779,grammar,11,sons-in-law,зять pl,nuso-bdul,нусоБДУЛ,20,f,43,"Сарайлал, Юсупилал"
780,grammar,12,they are eating,они кушают,wokoma-do,гьегевул вокомаДО,20,f,43,"Сарайлал, Юсупилал"
784,grammar,13,"when he comes, we will eat","когда он придет, будем кушать",wuʔo-rbihi,вуъоРБИГЬИ,20,f,43,"Сарайлал, Юсупилал"
788,lexical,14,rainbow,радуга,joʃikʷa,сороди йошиква йичонний,20,f,43,"Сарайлал, Юсупилал"
791,lexical,15,north,север,sewer,север,20,f,43,"Сарайлал, Юсупилал"
795,lexical,16,thousand,тысяча,ozuruɡu,озУругу,20,f,43,"Сарайлал, Юсупилал"
797,grammar,1,big butterfly,большая бабочка,b-etʃ’uχa,Беч1уха одорук1а,21,f,58,Сиралал
799,grammar,2,big butterflies,большие бабочки,j-etʃ’uχol,Йеч1ухол одорук1ол,21,f,58,Сиралал
801,grammar,3,big grasshopper,большой кузнечик,b-etʃ’uχa,Беч1уха гъац1а,21,f,58,Сиралал
803,grammar,4,big grasshoppers,большие кузнечики,j-etʃ’uχol,Йеч1ухол гъац1ол,21,f,58,Сиралал
805,grammar,5,the parents left,родители ушли,ru-ʔon,ила има РУъон,21,f,58,Сиралал
807,grammar,6,pour your father some water,налей отцу воды,dada-ɬu,т1инно дадаЛЪУ лъен,21,f,58,Сиралал
809,grammar,7,pour your cow some water,налей корове воды,zĩw-ɬu,т1инно зив(у)ЛЪУ лъен,21,f,58,Сиралал
812,grammar,8,third girl,третья девочка,ɬobdeb,лъобдЕБ йоши,21,f,58,Сиралал
814,grammar,9,the bride was beautiful at the wedding,на свадьбе невеста была красивая,ji-ʁi,реххиноъа бах1арай багъу йиГЪи,21,f,58,Сиралал
817,grammar,10,heels,пятка pl,miʒa-lol,мижаЛОЛ,21,f,58,Сиралал
820,grammar,11,sons-in-law,зять pl,nuso-bdul,нусоБДУЛ,21,f,58,Сиралал
821,grammar,12,they are eating,они кушают,wokoma-do,гьегевул вокомаДО,21,f,58,Сиралал
823,grammar,13,"when he comes, we will eat","когда он придет, будем кушать",wuʔo-rbi,вуъоРБИ,21,f,58,Сиралал
827,lexical,14,rainbow,радуга,raduɡa,радуга,21,f,58,Сиралал
832,lexical,15,north,север,sewer,север,21,f,58,Сиралал
835,lexical,16,thousand,тысяча,ozruɡu,озругу,21,f,58,Сиралал
838,grammar,1,big butterfly,большая бабочка,b-etʃ’uχa,Беч1уха одорук1а,22,m,64,Эсолал
840,grammar,2,big butterflies,большие бабочки,j-etʃ’uχol,Йеч1ухол одорук1ол,22,m,64,Эсолал
842,grammar,3,big grasshopper,большой кузнечик,b-etʃ’uχa,Беч1уха гъац1а,22,m,64,Эсолал
844,grammar,4,big grasshoppers,большие кузнечики,j-etʃ’uχol,Йеч1ухол гъац1ол,22,m,64,Эсолал
846,grammar,5,the parents left,родители ушли,ru-ʔon,ила има РУъон,22,m,64,Эсолал
848,grammar,6,pour your father some water,налей отцу воды,dada-ɬu,т1инно дадаЛЪУ лъен,22,m,64,Эсолал
850,grammar,7,pour your cow some water,налей корове воды,zĩw-ɬu,т1инно зив(у)ЛЪУ лъен,22,m,64,Эсолал
853,grammar,8,third girl,третья девочка,ɬobdeb,лъобдЕБ йоши,22,m,64,Эсолал
855,grammar,9,the bride was beautiful at the wedding,на свадьбе невеста была красивая,ji-ʁi,реххиноъа бах1арай багъу йиГЪи,22,m,64,Эсолал
858,grammar,10,heels,пятка pl,miʒa-lol,мижаЛОЛ,22,m,64,Эсолал
861,grammar,11,sons-in-law,зять pl,nuso-bdul,нусоБДУЛ,22,m,64,Эсолал
862,grammar,12,they are eating,они кушают,wokoma-do,гьегевул вокомаДО,22,m,64,Эсолал
865,grammar,13,"when he comes, we will eat","когда он придет, будем кушать",wuʔo-rbildi,вуъоРБИЛДИ,22,m,64,Эсолал
871,lexical,14,rainbow,радуга,nur,нур,22,m,64,Эсолал
874,lexical,15,north,север,sewer,север,22,m,64,Эсолал
878,lexical,16,thousand,тысяча,ozuruɡu,озУругу,22,m,64,Эсолал
880,grammar,1,big butterfly,большая бабочка,b-etʃ’uχa,Беч1уха одорук1а,23,m,39,Сарикаевский
882,grammar,2,big butterflies,большие бабочки,j-etʃ’uχol,Йеч1ухол одорук1ол,23,m,39,Сарикаевский
884,grammar,3,big grasshopper,большой кузнечик,b-etʃ’uχa,Беч1уха гъац1а,23,m,39,Сарикаевский
886,grammar,4,big grasshoppers,большие кузнечики,j-etʃ’uχol,Йеч1ухол гъац1ол,23,m,39,Сарикаевский
888,grammar,5,the parents left,родители ушли,ru-ʔon,ила има РУъон,23,m,39,Сарикаевский
891,grammar,6,pour your father some water,налей отцу воды,dada-j,т1инно дадаЙ лъен,23,m,39,Сарикаевский
893,grammar,7,pour your cow some water,налей корове воды,zĩw-uj,т1инно зивуЙ лъен,23,m,39,Сарикаевский
895,grammar,8,third girl,третья девочка,ɬobdeb,лъобдЕБ йоши,23,m,39,Сарикаевский
897,grammar,9,the bride was beautiful at the wedding,на свадьбе невеста была красивая,ji-ʁi,реххиноъа бах1арай багъу йиГЪи,23,m,39,Сарикаевский
900,grammar,10,heels,пятка pl,miʒa-lol,мижаЛОЛ,23,m,39,Сарикаевский
903,grammar,11,sons-in-law,зять pl,nuso-bdul,нусоБДУЛ,23,m,39,Сарикаевский
904,grammar,12,they are eating,они кушают,wokoma-do,гьегевул вокомаДО,23,m,39,Сарикаевский
906,grammar,13,"when he comes, we will eat","когда он придет, будем кушать",wuʔo-rbi,вуъоРБИ,23,m,39,Сарикаевский
912,lexical,14,rainbow,радуга,joʃikʷa,сороди йошиква йичонний,23,m,39,Сарикаевский
915,lexical,15,north,север,sewer,север,23,m,39,Сарикаевский
918,lexical,16,thousand,тысяча,ozruɡu,озругу,23,m,39,Сарикаевский
921,grammar,1,big butterfly,большая бабочка,b-etʃ’uχa,Беч1уха одорук1а,24,f,53,Нух1илал
923,grammar,2,big butterflies,большие бабочки,j-etʃ’uχol,Йеч1ухол одорук1ол,24,f,53,Нух1илал
925,grammar,3,big grasshopper,большой кузнечик,b-etʃ’uχa,Беч1уха гъац1а,24,f,53,Нух1илал
927,grammar,4,big grasshoppers,большие кузнечики,j-etʃ’uχol,Йеч1ухол гъац1ол,24,f,53,Нух1илал
930,grammar,5,the parents left,родители ушли,wo-ʔon,ила има ВОъон,24,f,53,Нух1илал
931,grammar,6,pour your father some water,налей отцу воды,dada-ɬu,т1инно дадаЛЪУ лъен,24,f,53,Нух1илал
933,grammar,7,pour your cow some water,налей корове воды,zĩw-ɬu,т1инно зив(у)ЛЪУ лъен,24,f,53,Нух1илал
936,grammar,8,third girl,третья девочка,ɬobdeb,лъобдЕБ йоши,24,f,53,Нух1илал
938,grammar,9,the bride was beautiful at the wedding,на свадьбе невеста была красивая,ji-ʁi,реххиноъа бах1арай багъу йиГЪи,24,f,53,Нух1илал
941,grammar,10,heels,пятка pl,miʒa-lol,мижаЛОЛ,24,f,53,Нух1илал
944,grammar,11,sons-in-law,зять pl,nuso-bdul,нусоБДУЛ,24,f,53,Нух1илал
945,grammar,12,they are eating,они кушают,wokoma-do,гьегевул вокомаДО,24,f,53,Нух1илал
949,grammar,13,"when he comes, we will eat","когда он придет, будем кушать",wuʔo-rbihi,вуъоРБИГЬИ,24,f,53,Нух1илал
952,lexical,14,rainbow,радуга,hortʃ'ːi,сороди гьорч1ч1и йичонний,24,f,53,Нух1илал
956,lexical,15,north,север,sewer,север,24,f,53,Нух1илал
960,lexical,16,thousand,тысяча,ozuruɡu,озУругу,24,f,53,Нух1илал
962,grammar,1,big butterfly,большая бабочка,b-etʃ’uχa,Беч1уха одорук1а,25,m,60,"Хъазилал, Агьлуухъелал"
964,grammar,2,big butterflies,большие бабочки,j-etʃ’uχol,Йеч1ухол одорук1ол,25,m,60,"Хъазилал, Агьлуухъелал"
966,grammar,3,big grasshopper,большой кузнечик,b-etʃ’uχa,Беч1уха гъац1а,25,m,60,"Хъазилал, Агьлуухъелал"
968,grammar,4,big grasshoppers,большие кузнечики,j-etʃ’uχol,Йеч1ухол гъац1ол,25,m,60,"Хъазилал, Агьлуухъелал"
971,grammar,5,the parents left,родители ушли,wo-ʔon,ила има ВОъон,25,m,60,"Хъазилал, Агьлуухъелал"
972,grammar,6,pour your father some water,налей отцу воды,dada-ɬu,т1инно дадаЛЪУ лъен,25,m,60,"Хъазилал, Агьлуухъелал"
974,grammar,7,pour your cow some water,налей корове воды,zĩw-ɬu,т1инно зив(у)ЛЪУ лъен,25,m,60,"Хъазилал, Агьлуухъелал"
977,grammar,8,third girl,третья девочка,ɬobdeb,лъобдЕБ йоши,25,m,60,"Хъазилал, Агьлуухъелал"
979,grammar,9,the bride was beautiful at the wedding,на свадьбе невеста была красивая,ji-ʁi,реххиноъа бах1арай багъу йиГЪи,25,m,60,"Хъазилал, Агьлуухъелал"
982,grammar,10,heels,пятка pl,miʒa-lol,мижаЛОЛ,25,m,60,"Хъазилал, Агьлуухъелал"
985,grammar,11,sons-in-law,зять pl,nuso-bdul,нусоБДУЛ,25,m,60,"Хъазилал, Агьлуухъелал"
986,grammar,12,they are eating,они кушают,wokoma-do,гьегевул вокомаДО,25,m,60,"Хъазилал, Агьлуухъелал"
989,grammar,13,"when he comes, we will eat","когда он придет, будем кушать",wuʔo-rbildi,вуъоРБИЛДИ,25,m,60,"Хъазилал, Агьлуухъелал"
993,lexical,14,rainbow,радуга,hortʃ'ːi,сороди гьорч1ч1и йичонний,25,m,60,"Хъазилал, Агьлуухъелал"
996,lexical,15,north,север,sibir,сибир,25,m,60,"Хъазилал, Агьлуухъелал"
1002,lexical,16,thousand,тысяча,oziruɡu,озИругу,25,m,60,"Хъазилал, Агьлуухъелал"
1003,grammar,1,big butterfly,большая бабочка,b-etʃ’uχa,Беч1уха одорук1а,26,m,38,Хъазилал
1005,grammar,2,big butterflies,большие бабочки,j-etʃ’uχol,Йеч1ухол одорук1ол,26,m,38,Хъазилал
1007,grammar,3,big grasshopper,большой кузнечик,b-etʃ’uχa,Беч1уха гъац1а,26,m,38,Хъазилал
1009,grammar,4,big grasshoppers,большие кузнечики,j-etʃ’uχol,Йеч1ухол гъац1ол,26,m,38,Хъазилал
1011,grammar,5,the parents left,родители ушли,ru-ʔon,ила има РУъон,26,m,38,Хъазилал
1013,grammar,6,pour your father some water,налей отцу воды,dada-ɬu,т1инно дадаЛЪУ лъен,26,m,38,Хъазилал
1015,grammar,7,pour your cow some water,налей корове воды,zĩw-ɬu,т1инно зив(у)ЛЪУ лъен,26,m,38,Хъазилал
1018,grammar,8,third girl,третья девочка,ɬobdeb,лъобдЕБ йоши,26,m,38,Хъазилал
1020,grammar,9,the bride was beautiful at the wedding,на свадьбе невеста была красивая,ji-ʁi,реххиноъа бах1арай багъу йиГЪи,26,m,38,Хъазилал
1023,grammar,10,heels,пятка pl,miʒa-lol,мижаЛОЛ,26,m,38,Хъазилал
1026,grammar,11,sons-in-law,зять pl,nuso-bdul,нусоБДУЛ,26,m,38,Хъазилал
1028,grammar,12,they are eating,они кушают,wokoma-lo,гьегевул вокомаЛО,26,m,38,Хъазилал
1029,grammar,13,"when he comes, we will eat","когда он придет, будем кушать",wuʔo-rbi,вуъоРБИ,26,m,38,Хъазилал
1034,lexical,14,rainbow,радуга,hortʃ'ːi,сороди гьорч1ч1и йичонний,26,m,38,Хъазилал
1038,lexical,15,north,север,sewer,север,26,m,38,Хъазилал
1043,lexical,16,thousand,тысяча,oziruɡu,озИругу,26,m,38,Хъазилал
1044,grammar,1,big butterfly,большая бабочка,b-etʃ’uχa,Беч1уха одорук1а,27,f,67,Ислам
1046,grammar,2,big butterflies,большие бабочки,j-etʃ’uχol,Йеч1ухол одорук1ол,27,f,67,Ислам
1048,grammar,3,big grasshopper,большой кузнечик,b-etʃ’uχa,Беч1уха гъац1а,27,f,67,Ислам
1050,grammar,4,big grasshoppers,большие кузнечики,j-etʃ’uχol,Йеч1ухол гъац1ол,27,f,67,Ислам
1052,grammar,5,the parents left,родители ушли,ru-ʔon,ила има РУъон,27,f,67,Ислам
1054,grammar,6,pour your father some water,налей отцу воды,dada-ɬu,т1инно дадаЛЪУ лъен,27,f,67,Ислам
1056,grammar,7,pour your cow some water,налей корове воды,zĩw-ɬu,т1инно зив(у)ЛЪУ лъен,27,f,67,Ислам
1059,grammar,8,third girl,третья девочка,ɬobdeb,лъобдЕБ йоши,27,f,67,Ислам
1061,grammar,9,the bride was beautiful at the wedding,на свадьбе невеста была красивая,ji-ʁi,реххиноъа бах1арай багъу йиГЪи,27,f,67,Ислам
1064,grammar,10,heels,пятка pl,miʒa-lol,мижаЛОЛ,27,f,67,Ислам
1067,grammar,11,sons-in-law,зять pl,nuso-bdul,нусоБДУЛ,27,f,67,Ислам
1069,grammar,12,they are eating,они кушают,wokoma-lo,гьегевул вокомаЛО,27,f,67,Ислам
1071,grammar,13,"when he comes, we will eat","когда он придет, будем кушать",wuʔo-rbildi,вуъоРБИЛДИ,27,f,67,Ислам
1074,lexical,14,rainbow,радуга,raduɡa,радуга,27,f,67,Ислам
1079,lexical,15,north,север,sewer,север,27,f,67,Ислам
1083,lexical,16,thousand,тысяча,ozuruɡu,озУругу,27,f,67,Ислам
1085,grammar,1,big butterfly,большая бабочка,b-etʃ’uχa,Беч1уха одорук1а,28,m,58,Ордащилал
1087,grammar,2,big butterflies,большие бабочки,j-etʃ’uχol,Йеч1ухол одорук1ол,28,m,58,Ордащилал
1089,grammar,3,big grasshopper,большой кузнечик,b-etʃ’uχa,Беч1уха гъац1а,28,m,58,Ордащилал
1091,grammar,4,big grasshoppers,большие кузнечики,j-etʃ’uχol,Йеч1ухол гъац1ол,28,m,58,Ордащилал
1093,grammar,5,the parents left,родители ушли,ru-ʔon,ила има РУъон,28,m,58,Ордащилал
1095,grammar,6,pour your father some water,налей отцу воды,dada-ɬu,т1инно дадаЛЪУ лъен,28,m,58,Ордащилал
1097,grammar,7,pour your cow some water,налей корове воды,zĩw-ɬu,т1инно зив(у)ЛЪУ лъен,28,m,58,Ордащилал
1100,grammar,8,third girl,третья девочка,ɬobdeb,лъобдЕБ йоши,28,m,58,Ордащилал
1102,grammar,9,the bride was beautiful at the wedding,на свадьбе невеста была красивая,ji-ʁi,реххиноъа бах1арай багъу йиГЪи,28,m,58,Ордащилал
1105,grammar,10,heels,пятка pl,miʒa-lol,мижаЛОЛ,28,m,58,Ордащилал
1108,grammar,11,sons-in-law,зять pl,nuso-bdul,нусоБДУЛ,28,m,58,Ордащилал
1110,grammar,12,they are eating,они кушают,wokoma-lo,гьегевул вокомаЛО,28,m,58,Ордащилал
1112,grammar,13,"when he comes, we will eat","когда он придет, будем кушать",wuʔo-rbildi,вуъоРБИЛДИ,28,m,58,Ордащилал
1116,lexical,14,rainbow,радуга,hortʃ'ːi,сороди гьорч1ч1и йичонний,28,m,58,Ордащилал
1120,lexical,15,north,север,sewer,север,28,m,58,Ордащилал
1125,lexical,16,thousand,тысяча,oziruɡu,озИругу,28,m,58,Ордащилал
1126,grammar,1,big butterfly,большая бабочка,b-etʃ’uχa,Беч1уха одорук1а,29,m,61,Балталал
1128,grammar,2,big butterflies,большие бабочки,j-etʃ’uχol,Йеч1ухол одорук1ол,29,m,61,Балталал
1130,grammar,3,big grasshopper,большой кузнечик,b-etʃ’uχa,Беч1уха гъац1а,29,m,61,Балталал
1132,grammar,4,big grasshoppers,большие кузнечики,j-etʃ’uχol,Йеч1ухол гъац1ол,29,m,61,Балталал
1134,grammar,5,the parents left,родители ушли,ru-ʔon,ила има РУъон,29,m,61,Балталал
1136,grammar,6,pour your father some water,налей отцу воды,dada-ɬu,т1инно дадаЛЪУ лъен,29,m,61,Балталал
1138,grammar,7,pour your cow some water,налей корове воды,zĩw-ɬu,т1инно зив(у)ЛЪУ лъен,29,m,61,Балталал
1141,grammar,8,third girl,третья девочка,ɬobdeb,лъобдЕБ йоши,29,m,61,Балталал
1143,grammar,9,the bride was beautiful at the wedding,на свадьбе невеста была красивая,ji-ʁi,реххиноъа бах1арай багъу йиГЪи,29,m,61,Балталал
1146,grammar,10,heels,пятка pl,miʒa-lol,мижаЛОЛ,29,m,61,Балталал
1149,grammar,11,sons-in-law,зять pl,nuso-bdul,нусоБДУЛ,29,m,61,Балталал
1151,grammar,12,they are eating,они кушают,wokoma-lo,гьегевул вокомаЛО,29,m,61,Балталал
1152,grammar,13,"when he comes, we will eat","когда он придет, будем кушать",wuʔo-rbi,вуъоРБИ,29,m,61,Балталал
1157,lexical,14,rainbow,радуга,hortʃ'ːi,сороди гьорч1ч1и йичонний,29,m,61,Балталал
1161,lexical,15,north,север,sewer,север,29,m,61,Балталал
1166,lexical,16,thousand,тысяча,oziruɡu,озИругу,29,m,61,Балталал
1167,grammar,1,big butterfly,большая бабочка,b-etʃ’uχa,Беч1уха одорук1а,30,f,48,NA
1169,grammar,2,big butterflies,большие бабочки,j-etʃ’uχol,Йеч1ухол одорук1ол,30,f,48,NA
1171,grammar,3,big grasshopper,большой кузнечик,b-etʃ’uχa,Беч1уха гъац1а,30,f,48,NA
1173,grammar,4,big grasshoppers,большие кузнечики,j-etʃ’uχol,Йеч1ухол гъац1ол,30,f,48,NA
1175,grammar,5,the parents left,родители ушли,ru-ʔon,ила има РУъон,30,f,48,NA
1177,grammar,6,pour your father some water,налей отцу воды,dada-ɬu,т1инно дадаЛЪУ лъен,30,f,48,NA
1179,grammar,7,pour your cow some water,налей корове воды,zĩw-ɬu,т1инно зив(у)ЛЪУ лъен,30,f,48,NA
1182,grammar,8,third girl,третья девочка,ɬobdeb,лъобдЕБ йоши,30,f,48,NA
1184,grammar,9,the bride was beautiful at the wedding,на свадьбе невеста была красивая,ji-ʁi,реххиноъа бах1арай багъу йиГЪи,30,f,48,NA
1187,grammar,10,heels,пятка pl,miʒa-lol,мижаЛОЛ,30,f,48,NA
1190,grammar,11,sons-in-law,зять pl,nuso-bdul,нусоБДУЛ,30,f,48,NA
1191,grammar,12,they are eating,они кушают,wokoma-do,гьегевул вокомаДО,30,f,48,NA
1193,grammar,13,"when he comes, we will eat","когда он придет, будем кушать",wuʔo-rbi,вуъоРБИ,30,f,48,NA
1197,lexical,14,rainbow,радуга,raduɡa,радуга,30,f,48,NA
1202,lexical,15,north,север,sewer,север,30,f,48,NA
1207,lexical,16,thousand,тысяча,oziruɡu,озИругу,30,f,48,NA
1208,grammar,1,big butterfly,большая бабочка,b-etʃ’uχa,Беч1уха одорук1а,31,m,67,Нух1илал
1210,grammar,2,big butterflies,большие бабочки,j-etʃ’uχol,Йеч1ухол одорук1ол,31,m,67,Нух1илал
1212,grammar,3,big grasshopper,большой кузнечик,b-etʃ’uχa,Беч1уха гъац1а,31,m,67,Нух1илал
1214,grammar,4,big grasshoppers,большие кузнечики,j-etʃ’uχol,Йеч1ухол гъац1ол,31,m,67,Нух1илал
1216,grammar,5,the parents left,родители ушли,ru-ʔon,ила има РУъон,31,m,67,Нух1илал
1218,grammar,6,pour your father some water,налей отцу воды,dada-ɬu,т1инно дадаЛЪУ лъен,31,m,67,Нух1илал
1220,grammar,7,pour your cow some water,налей корове воды,zĩw-ɬu,т1инно зив(у)ЛЪУ лъен,31,m,67,Нух1илал
1223,grammar,8,third girl,третья девочка,ɬobdeb,лъобдЕБ йоши,31,m,67,Нух1илал
1225,grammar,9,the bride was beautiful at the wedding,на свадьбе невеста была красивая,ji-ʁi,реххиноъа бах1арай багъу йиГЪи,31,m,67,Нух1илал
1228,grammar,10,heels,пятка pl,miʒa-lol,мижаЛОЛ,31,m,67,Нух1илал
1231,grammar,11,sons-in-law,зять pl,nuso-bdul,нусоБДУЛ,31,m,67,Нух1илал
1233,grammar,12,they are eating,они кушают,wokoma-lo,гьегевул вокомаЛО,31,m,67,Нух1илал
1235,grammar,13,"when he comes, we will eat","когда он придет, будем кушать",wuʔo-rbildi,вуъоРБИЛДИ,31,m,67,Нух1илал
1239,lexical,14,rainbow,радуга,hortʃ'ːi,сороди гьорч1ч1и йичонний,31,m,67,Нух1илал
1243,lexical,15,north,север,sewer,север,31,m,67,Нух1илал
1248,lexical,16,thousand,тысяча,oziruɡu,озИругу,31,m,67,Нух1илал
1249,grammar,1,big butterfly,большая бабочка,b-etʃ’uχa,Беч1уха одорук1а,32,m,29,Амирадул
1251,grammar,2,big butterflies,большие бабочки,j-etʃ’uχol,Йеч1ухол одорук1ол,32,m,29,Амирадул
1253,grammar,3,big grasshopper,большой кузнечик,b-etʃ’uχa,Беч1уха гъац1а,32,m,29,Амирадул
1255,grammar,4,big grasshoppers,большие кузнечики,j-etʃ’uχol,Йеч1ухол гъац1ол,32,m,29,Амирадул
1257,grammar,5,the parents left,родители ушли,ru-ʔon,ила има РУъон,32,m,29,Амирадул
1260,grammar,6,pour your father some water,налей отцу воды,dada-j,т1инно дадаЙ лъен,32,m,29,Амирадул
1261,grammar,7,pour your cow some water,налей корове воды,zĩw-ɬu,т1инно зив(у)ЛЪУ лъен,32,m,29,Амирадул
1264,grammar,8,third girl,третья девочка,ɬobdeb,лъобдЕБ йоши,32,m,29,Амирадул
1266,grammar,9,the bride was beautiful at the wedding,на свадьбе невеста была красивая,ji-ʁi,реххиноъа бах1арай багъу йиГЪи,32,m,29,Амирадул
1269,grammar,10,heels,пятка pl,miʒa-lol,мижаЛОЛ,32,m,29,Амирадул
1272,grammar,11,sons-in-law,зять pl,nuso-bdul,нусоБДУЛ,32,m,29,Амирадул
1274,grammar,12,they are eating,они кушают,wokoma-lo,гьегевул вокомаЛО,32,m,29,Амирадул
1277,grammar,13,"when he comes, we will eat","когда он придет, будем кушать",wuʔo-rbihi,вуъоРБИГЬИ,32,m,29,Амирадул
1279,lexical,14,rainbow,радуга,raduɡa,радуга,32,m,29,Амирадул
1283,lexical,15,north,север,sibir,сибир,32,m,29,Амирадул
1289,lexical,16,thousand,тысяча,oziruɡu,озИругу,32,m,29,Амирадул
1290,grammar,1,big butterfly,большая бабочка,b-etʃ’uχa,Беч1уха одорук1а,33,m,67,Хъазилал
1292,grammar,2,big butterflies,большие бабочки,j-etʃ’uχol,Йеч1ухол одорук1ол,33,m,67,Хъазилал
1294,grammar,3,big grasshopper,большой кузнечик,b-etʃ’uχa,Беч1уха гъац1а,33,m,67,Хъазилал
1296,grammar,4,big grasshoppers,большие кузнечики,j-etʃ’uχol,Йеч1ухол гъац1ол,33,m,67,Хъазилал
1298,grammar,5,the parents left,родители ушли,ru-ʔon,ила има РУъон,33,m,67,Хъазилал
1300,grammar,6,pour your father some water,налей отцу воды,dada-ɬu,т1инно дадаЛЪУ лъен,33,m,67,Хъазилал
1302,grammar,7,pour your cow some water,налей корове воды,zĩw-ɬu,т1инно зив(у)ЛЪУ лъен,33,m,67,Хъазилал
1305,grammar,8,third girl,третья девочка,ɬobdeb,лъобдЕБ йоши,33,m,67,Хъазилал
1307,grammar,9,the bride was beautiful at the wedding,на свадьбе невеста была красивая,ji-ʁi,реххиноъа бах1арай багъу йиГЪи,33,m,67,Хъазилал
1310,grammar,10,heels,пятка pl,miʒa-lol,мижаЛОЛ,33,m,67,Хъазилал
1313,grammar,11,sons-in-law,зять pl,nuso-bdul,нусоБДУЛ,33,m,67,Хъазилал
1314,grammar,12,they are eating,они кушают,wokoma-do,гьегевул вокомаДО,33,m,67,Хъазилал
1316,grammar,13,"when he comes, we will eat","когда он придет, будем кушать",wuʔo-rbi,вуъоРБИ,33,m,67,Хъазилал
1321,lexical,14,rainbow,радуга,hortʃ'ːi,сороди гьорч1ч1и йичонний,33,m,67,Хъазилал
1324,lexical,15,north,север,sibir,сибир,33,m,67,Хъазилал
1329,lexical,16,thousand,тысяча,ozuruɡu,озУругу,33,m,67,Хъазилал
1331,grammar,1,big butterfly,большая бабочка,b-etʃ’uχa,Беч1уха одорук1а,34,f,67,Суйгемадул
1333,grammar,2,big butterflies,большие бабочки,j-etʃ’uχol,Йеч1ухол одорук1ол,34,f,67,Суйгемадул
1335,grammar,3,big grasshopper,большой кузнечик,b-etʃ’uχa,Беч1уха гъац1а,34,f,67,Суйгемадул
1337,grammar,4,big grasshoppers,большие кузнечики,j-etʃ’uχol,Йеч1ухол гъац1ол,34,f,67,Суйгемадул
1340,grammar,5,the parents left,родители ушли,wo-ʔon,ила има ВОъон,34,f,67,Суйгемадул
1341,grammar,6,pour your father some water,налей отцу воды,dada-ʔo,т1инно дадаЪО лъен,34,f,67,Суйгемадул
1344,grammar,7,pour your cow some water,налей корове воды,zĩw-ɬu,т1инно зив(у)ЛЪУ лъен,34,f,67,Суйгемадул
1347,grammar,8,third girl,третья девочка,ɬobdeb,лъобдЕБ йоши,34,f,67,Суйгемадул
1349,grammar,9,the bride was beautiful at the wedding,на свадьбе невеста была красивая,ji-ʁi,реххиноъа бах1арай багъу йиГЪи,34,f,67,Суйгемадул
1352,grammar,10,heels,пятка pl,miʒa-lol,мижаЛОЛ,34,f,67,Суйгемадул
1355,grammar,11,sons-in-law,зять pl,nuso-bdul,нусоБДУЛ,34,f,67,Суйгемадул
1356,grammar,12,they are eating,они кушают,wokoma-do,гьегевул вокомаДО,34,f,67,Суйгемадул
1360,grammar,13,"when he comes, we will eat","когда он придет, будем кушать",wuʔo-rbihi,вуъоРБИГЬИ,34,f,67,Суйгемадул
1362,lexical,14,rainbow,радуга,raduɡa,радуга,34,f,67,Суйгемадул
1367,lexical,15,north,север,sewer,север,34,f,67,Суйгемадул
1372,lexical,16,thousand,тысяча,oziruɡu,озИругу,34,f,67,Суйгемадул
1373,grammar,1,big butterfly,большая бабочка,b-etʃ’uχa,Беч1уха одорук1а,35,f,49,"Сарайлал, Хъазилал"
1375,grammar,2,big butterflies,большие бабочки,j-etʃ’uχol,Йеч1ухол одорук1ол,35,f,49,"Сарайлал, Хъазилал"
1377,grammar,3,big grasshopper,большой кузнечик,b-etʃ’uχa,Беч1уха гъац1а,35,f,49,"Сарайлал, Хъазилал"
1379,grammar,4,big grasshoppers,большие кузнечики,j-etʃ’uχol,Йеч1ухол гъац1ол,35,f,49,"Сарайлал, Хъазилал"
1381,grammar,5,the parents left,родители ушли,ru-ʔon,ила има РУъон,35,f,49,"Сарайлал, Хъазилал"
1383,grammar,6,pour your father some water,налей отцу воды,dada-ɬu,т1инно дадаЛЪУ лъен,35,f,49,"Сарайлал, Хъазилал"
1385,grammar,7,pour your cow some water,налей корове воды,zĩw-ɬu,т1инно зив(у)ЛЪУ лъен,35,f,49,"Сарайлал, Хъазилал"
1388,grammar,8,third girl,третья девочка,ɬobdeb,лъобдЕБ йоши,35,f,49,"Сарайлал, Хъазилал"
1390,grammar,9,the bride was beautiful at the wedding,на свадьбе невеста была красивая,ji-ʁi,реххиноъа бах1арай багъу йиГЪи,35,f,49,"Сарайлал, Хъазилал"
1393,grammar,10,heels,пятка pl,miʒa-lol,мижаЛОЛ,35,f,49,"Сарайлал, Хъазилал"
1396,grammar,11,sons-in-law,зять pl,nuso-bdul,нусоБДУЛ,35,f,49,"Сарайлал, Хъазилал"
1397,grammar,12,they are eating,они кушают,wokoma-do,гьегевул вокомаДО,35,f,49,"Сарайлал, Хъазилал"
1399,grammar,13,"when he comes, we will eat","когда он придет, будем кушать",wuʔo-rbi,вуъоРБИ,35,f,49,"Сарайлал, Хъазилал"
1405,lexical,14,rainbow,радуга,joʃikʷa,сороди йошиква йичонний,35,f,49,"Сарайлал, Хъазилал"
1408,lexical,15,north,север,sewer,север,35,f,49,"Сарайлал, Хъазилал"
1413,lexical,16,thousand,тысяча,oziruɡu,озИругу,35,f,49,"Сарайлал, Хъазилал"
1415,grammar,1,big butterfly,большая бабочка,r-etʃ’uχa,Реч1уха одорук1а,36,m,37,NA
1417,grammar,2,big butterflies,большие бабочки,r-etʃ’uχol,Реч1ухол одорук1ол,36,m,37,NA
1418,grammar,3,big grasshopper,большой кузнечик,b-etʃ’uχa,Беч1уха гъац1а,36,m,37,NA
1420,grammar,4,big grasshoppers,большие кузнечики,j-etʃ’uχol,Йеч1ухол гъац1ол,36,m,37,NA
1422,grammar,5,the parents left,родители ушли,ru-ʔon,ила има РУъон,36,m,37,NA
1425,grammar,6,pour your father some water,налей отцу воды,dada-j,т1инно дадаЙ лъен,36,m,37,NA
1426,grammar,7,pour your cow some water,налей корове воды,zĩw-ɬu,т1инно зив(у)ЛЪУ лъен,36,m,37,NA
1429,grammar,8,third girl,третья девочка,ɬobdeb,лъобдЕБ йоши,36,m,37,NA
1431,grammar,9,the bride was beautiful at the wedding,на свадьбе невеста была красивая,ji-ʁi,реххиноъа бах1арай багъу йиГЪи,36,m,37,NA
1434,grammar,10,heels,пятка pl,miʒa-lol,мижаЛОЛ,36,m,37,NA
1437,grammar,11,sons-in-law,зять pl,nuso-bdul,нусоБДУЛ,36,m,37,NA
1438,grammar,12,they are eating,они кушают,wokoma-do,гьегевул вокомаДО,36,m,37,NA
1440,grammar,13,"when he comes, we will eat","когда он придет, будем кушать",wuʔo-rbi,вуъоРБИ,36,m,37,NA
1446,lexical,14,rainbow,радуга,joʃikʷa,сороди йошиква йичонний,36,m,37,NA
1449,lexical,15,north,север,sewer,север,36,m,37,NA
1453,lexical,16,thousand,тысяча,ozuruɡu,озУругу,36,m,37,NA
1455,grammar,1,big butterfly,большая бабочка,b-etʃ’uχa,Беч1уха одорук1а,37,m,54,"Тирмач, Хъазилал"
1457,grammar,2,big butterflies,большие бабочки,j-etʃ’uχol,Йеч1ухол одорук1ол,37,m,54,"Тирмач, Хъазилал"
1459,grammar,3,big grasshopper,большой кузнечик,b-etʃ’uχa,Беч1уха гъац1а,37,m,54,"Тирмач, Хъазилал"
1461,grammar,4,big grasshoppers,большие кузнечики,j-etʃ’uχol,Йеч1ухол гъац1ол,37,m,54,"Тирмач, Хъазилал"
1463,grammar,5,the parents left,родители ушли,ru-ʔon,ила има РУъон,37,m,54,"Тирмач, Хъазилал"
1465,grammar,6,pour your father some water,налей отцу воды,dada-ɬu,т1инно дадаЛЪУ лъен,37,m,54,"Тирмач, Хъазилал"
1467,grammar,7,pour your cow some water,налей корове воды,zĩw-ɬu,т1инно зив(у)ЛЪУ лъен,37,m,54,"Тирмач, Хъазилал"
1470,grammar,8,third girl,третья девочка,ɬobdeb,лъобдЕБ йоши,37,m,54,"Тирмач, Хъазилал"
1472,grammar,9,the bride was beautiful at the wedding,на свадьбе невеста была красивая,ji-ʁi,реххиноъа бах1арай багъу йиГЪи,37,m,54,"Тирмач, Хъазилал"
1475,grammar,10,heels,пятка pl,miʒa-lol,мижаЛОЛ,37,m,54,"Тирмач, Хъазилал"
1478,grammar,11,sons-in-law,зять pl,nuso-bdul,нусоБДУЛ,37,m,54,"Тирмач, Хъазилал"
1480,grammar,12,they are eating,они кушают,wokoma-lo,гьегевул вокомаЛО,37,m,54,"Тирмач, Хъазилал"
1481,grammar,13,"when he comes, we will eat","когда он придет, будем кушать",wuʔo-rbi,вуъоРБИ,37,m,54,"Тирмач, Хъазилал"
1486,lexical,14,rainbow,радуга,hortʃ'ːi,сороди гьорч1ч1и йичонний,37,m,54,"Тирмач, Хъазилал"
1490,lexical,15,north,север,sewer,север,37,m,54,"Тирмач, Хъазилал"
1495,lexical,16,thousand,тысяча,oziruɡu,озИругу,37,m,54,"Тирмач, Хъазилал"
1496,grammar,1,big butterfly,большая бабочка,b-etʃ’uχa,Беч1уха одорук1а,38,f,35,Угьамадул
1498,grammar,2,big butterflies,большие бабочки,j-etʃ’uχol,Йеч1ухол одорук1ол,38,f,35,Угьамадул
1500,grammar,3,big grasshopper,большой кузнечик,b-etʃ’uχa,Беч1уха гъац1а,38,f,35,Угьамадул
1502,grammar,4,big grasshoppers,большие кузнечики,j-etʃ’uχol,Йеч1ухол гъац1ол,38,f,35,Угьамадул
1504,grammar,5,the parents left,родители ушли,ru-ʔon,ила има РУъон,38,f,35,Угьамадул
1506,grammar,6,pour your father some water,налей отцу воды,dada-ɬu,т1инно дадаЛЪУ лъен,38,f,35,Угьамадул
1508,grammar,7,pour your cow some water,налей корове воды,zĩw-ɬu,т1инно зив(у)ЛЪУ лъен,38,f,35,Угьамадул
1511,grammar,8,third girl,третья девочка,ɬobdeb,лъобдЕБ йоши,38,f,35,Угьамадул
1513,grammar,9,the bride was beautiful at the wedding,на свадьбе невеста была красивая,ji-ʁi,реххиноъа бах1арай багъу йиГЪи,38,f,35,Угьамадул
1516,grammar,10,heels,пятка pl,miʒa-lol,мижаЛОЛ,38,f,35,Угьамадул
1519,grammar,11,sons-in-law,зять pl,nuso-bdul,нусоБДУЛ,38,f,35,Угьамадул
1520,grammar,12,they are eating,они кушают,wokoma-do,гьегевул вокомаДО,38,f,35,Угьамадул
1522,grammar,13,"when he comes, we will eat","когда он придет, будем кушать",wuʔo-rbi,вуъоРБИ,38,f,35,Угьамадул
1528,lexical,14,rainbow,радуга,joʃikʷa,сороди йошиква йичонний,38,f,35,Угьамадул
1531,lexical,15,north,север,sewer,север,38,f,35,Угьамадул
1534,lexical,16,thousand,тысяча,ozruɡu,озругу,38,f,35,Угьамадул
1537,grammar,1,big butterfly,большая бабочка,b-etʃ’uχa,Беч1уха одорук1а,39,m,36,NA
1539,grammar,2,big butterflies,большие бабочки,j-etʃ’uχol,Йеч1ухол одорук1ол,39,m,36,NA
1541,grammar,3,big grasshopper,большой кузнечик,b-etʃ’uχa,Беч1уха гъац1а,39,m,36,NA
1543,grammar,4,big grasshoppers,большие кузнечики,j-etʃ’uχol,Йеч1ухол гъац1ол,39,m,36,NA
1545,grammar,5,the parents left,родители ушли,ru-ʔon,ила има РУъон,39,m,36,NA
1547,grammar,6,pour your father some water,налей отцу воды,dada-ɬu,т1инно дадаЛЪУ лъен,39,m,36,NA
1549,grammar,7,pour your cow some water,налей корове воды,zĩw-ɬu,т1инно зив(у)ЛЪУ лъен,39,m,36,NA
1552,grammar,8,third girl,третья девочка,ɬobdeb,лъобдЕБ йоши,39,m,36,NA
1554,grammar,9,the bride was beautiful at the wedding,на свадьбе невеста была красивая,ji-ʁi,реххиноъа бах1арай багъу йиГЪи,39,m,36,NA
1556,grammar,10,heels,пятка pl,miʒa-bil,мижоБИЛ,39,m,36,NA
1559,grammar,11,sons-in-law,зять pl,nuso-dul,нусоДУЛ,39,m,36,NA
1561,grammar,12,they are eating,они кушают,wokoma-do,гьегевул вокомаДО,39,m,36,NA
1564,grammar,13,"when he comes, we will eat","когда он придет, будем кушать",wuʔo-rbildi,вуъоРБИЛДИ,39,m,36,NA
1567,lexical,14,rainbow,радуга,raduɡa,радуга,39,m,36,NA
1572,lexical,15,north,север,sewer,север,39,m,36,NA
1575,lexical,16,thousand,тысяча,ozruɡu,озругу,39,m,36,NA
1578,grammar,1,big butterfly,большая бабочка,b-etʃ’uχa,Беч1уха одорук1а,40,m,61,"Угьамадул, Балталал"
1580,grammar,2,big butterflies,большие бабочки,j-etʃ’uχol,Йеч1ухол одорук1ол,40,m,61,"Угьамадул, Балталал"
1582,grammar,3,big grasshopper,большой кузнечик,b-etʃ’uχa,Беч1уха гъац1а,40,m,61,"Угьамадул, Балталал"
1584,grammar,4,big grasshoppers,большие кузнечики,j-etʃ’uχol,Йеч1ухол гъац1ол,40,m,61,"Угьамадул, Балталал"
1586,grammar,5,the parents left,родители ушли,ru-ʔon,ила има РУъон,40,m,61,"Угьамадул, Балталал"
1589,grammar,6,pour your father some water,налей отцу воды,dada-j,т1инно дадаЙ лъен,40,m,61,"Угьамадул, Балталал"
1590,grammar,7,pour your cow some water,налей корове воды,zĩw-ɬu,т1инно зив(у)ЛЪУ лъен,40,m,61,"Угьамадул, Балталал"
1593,grammar,8,third girl,третья девочка,ɬobdeb,лъобдЕБ йоши,40,m,61,"Угьамадул, Балталал"
1595,grammar,9,the bride was beautiful at the wedding,на свадьбе невеста была красивая,ji-ʁi,реххиноъа бах1арай багъу йиГЪи,40,m,61,"Угьамадул, Балталал"
1597,grammar,10,heels,пятка pl,miʒa-bil,мижоБИЛ,40,m,61,"Угьамадул, Балталал"
1601,grammar,11,sons-in-law,зять pl,nuso-bdul,нусоБДУЛ,40,m,61,"Угьамадул, Балталал"
1602,grammar,12,they are eating,они кушают,wokoma-do,гьегевул вокомаДО,40,m,61,"Угьамадул, Балталал"
1604,grammar,13,"when he comes, we will eat","когда он придет, будем кушать",wuʔo-rbi,вуъоРБИ,40,m,61,"Угьамадул, Балталал"
1609,lexical,14,rainbow,радуга,hortʃ'ːi,сороди гьорч1ч1и йичонний,40,m,61,"Угьамадул, Балталал"
1612,lexical,15,north,север,sibir,сибир,40,m,61,"Угьамадул, Балталал"
1616,lexical,16,thousand,тысяча,ozruɡu,озругу,40,m,61,"Угьамадул, Балталал"
1619,grammar,1,big butterfly,большая бабочка,b-etʃ’uχa,Беч1уха одорук1а,41,m,70,Балталал
1621,grammar,2,big butterflies,большие бабочки,j-etʃ’uχol,Йеч1ухол одорук1ол,41,m,70,Балталал
1623,grammar,3,big grasshopper,большой кузнечик,b-etʃ’uχa,Беч1уха гъац1а,41,m,70,Балталал
1625,grammar,4,big grasshoppers,большие кузнечики,j-etʃ’uχol,Йеч1ухол гъац1ол,41,m,70,Балталал
1628,grammar,5,the parents left,родители ушли,wo-ʔon,ила има ВОъон,41,m,70,Балталал
1629,grammar,6,pour your father some water,налей отцу воды,dada-ɬu,т1инно дадаЛЪУ лъен,41,m,70,Балталал
1631,grammar,7,pour your cow some water,налей корове воды,zĩw-ɬu,т1инно зив(у)ЛЪУ лъен,41,m,70,Балталал
1634,grammar,8,third girl,третья девочка,ɬobdeb,лъобдЕБ йоши,41,m,70,Балталал
1636,grammar,9,the bride was beautiful at the wedding,на свадьбе невеста была красивая,ji-ʁi,реххиноъа бах1арай багъу йиГЪи,41,m,70,Балталал
1639,grammar,10,heels,пятка pl,miʒa-lol,мижаЛОЛ,41,m,70,Балталал
1642,grammar,11,sons-in-law,зять pl,nuso-bdul,нусоБДУЛ,41,m,70,Балталал
1643,grammar,12,they are eating,они кушают,wokoma-do,гьегевул вокомаДО,41,m,70,Балталал
1646,grammar,13,"when he comes, we will eat","когда он придет, будем кушать",wuʔo-rbildi,вуъоРБИЛДИ,41,m,70,Балталал
1650,lexical,14,rainbow,радуга,hortʃ'ːi,сороди гьорч1ч1и йичонний,41,m,70,Балталал
1654,lexical,15,north,север,sewer,север,41,m,70,Балталал
1658,lexical,16,thousand,тысяча,ozuruɡu,озУругу,41,m,70,Балталал
1661,grammar,1,big butterfly,большая бабочка,r-etʃ’uχa,Реч1уха одорук1а,42,m,56,"Гъазилал, Ордащилал"
1662,grammar,2,big butterflies,большие бабочки,j-etʃ’uχol,Йеч1ухол одорук1ол,42,m,56,"Гъазилал, Ордащилал"
1664,grammar,3,big grasshopper,большой кузнечик,b-etʃ’uχa,Беч1уха гъац1а,42,m,56,"Гъазилал, Ордащилал"
1666,grammar,4,big grasshoppers,большие кузнечики,j-etʃ’uχol,Йеч1ухол гъац1ол,42,m,56,"Гъазилал, Ордащилал"
1668,grammar,5,the parents left,родители ушли,ru-ʔon,ила има РУъон,42,m,56,"Гъазилал, Ордащилал"
1671,grammar,6,pour your father some water,налей отцу воды,dada-j,т1инно дадаЙ лъен,42,m,56,"Гъазилал, Ордащилал"
1672,grammar,7,pour your cow some water,налей корове воды,zĩw-ɬu,т1инно зив(у)ЛЪУ лъен,42,m,56,"Гъазилал, Ордащилал"
1675,grammar,8,third girl,третья девочка,ɬobdeb,лъобдЕБ йоши,42,m,56,"Гъазилал, Ордащилал"
1677,grammar,9,the bride was beautiful at the wedding,на свадьбе невеста была красивая,ji-ʁi,реххиноъа бах1арай багъу йиГЪи,42,m,56,"Гъазилал, Ордащилал"
1680,grammar,10,heels,пятка pl,miʒa-lol,мижаЛОЛ,42,m,56,"Гъазилал, Ордащилал"
1683,grammar,11,sons-in-law,зять pl,nuso-bdul,нусоБДУЛ,42,m,56,"Гъазилал, Ордащилал"
1684,grammar,12,they are eating,они кушают,wokoma-do,гьегевул вокомаДО,42,m,56,"Гъазилал, Ордащилал"
1686,grammar,13,"when he comes, we will eat","когда он придет, будем кушать",wuʔo-rbi,вуъоРБИ,42,m,56,"Гъазилал, Ордащилал"
1691,lexical,14,rainbow,радуга,hortʃ'ːi,сороди гьорч1ч1и йичонний,42,m,56,"Гъазилал, Ордащилал"
1695,lexical,15,north,север,sewer,север,42,m,56,"Гъазилал, Ордащилал"
1700,lexical,16,thousand,тысяча,oziruɡu,озИругу,42,m,56,"Гъазилал, Ордащилал"
1701,grammar,1,big butterfly,большая бабочка,b-etʃ’uχa,Беч1уха одорук1а,43,f,62,Гьекьилавлал
1703,grammar,2,big butterflies,большие бабочки,j-etʃ’uχol,Йеч1ухол одорук1ол,43,f,62,Гьекьилавлал
1705,grammar,3,big grasshopper,большой кузнечик,b-etʃ’uχa,Беч1уха гъац1а,43,f,62,Гьекьилавлал
1707,grammar,4,big grasshoppers,большие кузнечики,j-etʃ’uχol,Йеч1ухол гъац1ол,43,f,62,Гьекьилавлал
1710,grammar,5,the parents left,родители ушли,wo-ʔon,ила има ВОъон,43,f,62,Гьекьилавлал
1711,grammar,6,pour your father some water,налей отцу воды,dada-ɬu,т1инно дадаЛЪУ лъен,43,f,62,Гьекьилавлал
1713,grammar,7,pour your cow some water,налей корове воды,zĩw-ɬu,т1инно зив(у)ЛЪУ лъен,43,f,62,Гьекьилавлал
1716,grammar,8,third girl,третья девочка,ɬobdeb,лъобдЕБ йоши,43,f,62,Гьекьилавлал
1718,grammar,9,the bride was beautiful at the wedding,на свадьбе невеста была красивая,ji-ʁi,реххиноъа бах1арай багъу йиГЪи,43,f,62,Гьекьилавлал
1721,grammar,10,heels,пятка pl,miʒa-lol,мижаЛОЛ,43,f,62,Гьекьилавлал
1724,grammar,11,sons-in-law,зять pl,nuso-bdul,нусоБДУЛ,43,f,62,Гьекьилавлал
1725,grammar,12,they are eating,они кушают,wokoma-do,гьегевул вокомаДО,43,f,62,Гьекьилавлал
1727,grammar,13,"when he comes, we will eat","когда он придет, будем кушать",wuʔo-rbi,вуъоРБИ,43,f,62,Гьекьилавлал
1732,lexical,14,rainbow,радуга,hortʃ'ːi,сороди гьорч1ч1и йичонний,43,f,62,Гьекьилавлал
1736,lexical,15,north,север,sewer,север,43,f,62,Гьекьилавлал
1740,lexical,16,thousand,тысяча,ozuruɡu,озУругу,43,f,62,Гьекьилавлал
1742,grammar,1,big butterfly,большая бабочка,b-etʃ’uχa,Беч1уха одорук1а,44,f,59,Гьекьилавлал
1744,grammar,2,big butterflies,большие бабочки,j-etʃ’uχol,Йеч1ухол одорук1ол,44,f,59,Гьекьилавлал
1746,grammar,3,big grasshopper,большой кузнечик,b-etʃ’uχa,Беч1уха гъац1а,44,f,59,Гьекьилавлал
1748,grammar,4,big grasshoppers,большие кузнечики,j-etʃ’uχol,Йеч1ухол гъац1ол,44,f,59,Гьекьилавлал
1751,grammar,5,the parents left,родители ушли,wo-ʔon,ила има ВОъон,44,f,59,Гьекьилавлал
1752,grammar,6,pour your father some water,налей отцу воды,dada-ɬu,т1инно дадаЛЪУ лъен,44,f,59,Гьекьилавлал
1754,grammar,7,pour your cow some water,налей корове воды,zĩw-ɬu,т1инно зив(у)ЛЪУ лъен,44,f,59,Гьекьилавлал
1757,grammar,8,third girl,третья девочка,ɬobdeb,лъобдЕБ йоши,44,f,59,Гьекьилавлал
1758,grammar,9,the bride was beautiful at the wedding,на свадьбе невеста была красивая,ji-k’o,реххиноъа бах1арай багъу йиК1о,44,f,59,Гьекьилавлал
1762,grammar,10,heels,пятка pl,miʒa-lol,мижаЛОЛ,44,f,59,Гьекьилавлал
1765,grammar,11,sons-in-law,зять pl,nuso-bdul,нусоБДУЛ,44,f,59,Гьекьилавлал
1766,grammar,12,they are eating,они кушают,wokoma-do,гьегевул вокомаДО,44,f,59,Гьекьилавлал
1769,grammar,13,"when he comes, we will eat","когда он придет, будем кушать",wuʔo-rbildi,вуъоРБИЛДИ,44,f,59,Гьекьилавлал
1773,lexical,14,rainbow,радуга,hortʃ'ːi,сороди гьорч1ч1и йичонний,44,f,59,Гьекьилавлал
1777,lexical,15,north,север,sewer,север,44,f,59,Гьекьилавлал
1781,lexical,16,thousand,тысяча,ozuruɡu,озУругу,44,f,59,Гьекьилавлал
